portrait,Matboard Size,9 inches x 12 inches,,25
portrait,Matboard Size,11 inches x 14 inches (+S$10.00),,35
portrait,Matboard Size,16 inches x 20 inches (+S$40.00),,65
portrait,Matboard Size,20 inches x 24 inches (+S$70.00),,95
landscape,Matboard Size,12 inches x 9 inches,,25
landscape,Matboard Size,14 inches x 11 inches (+S$10.00),,35
landscape,Matboard Size,20 inches x 16 inches (+S$40.00),,65
landscape,Matboard Size,24 inches x 20 inches (+S$70.00),,95
Christmas Hair Accessories Design,Christmas Hair Accessories Design,Red - Santa,,5.9
Christmas Hair Accessories Design,Christmas Hair Accessories Design,Brown - Reindeer,,5.9
Christmas Hair Accessories Design,Christmas Hair Accessories Design,Green - Tree,,5.9
Small Snowball Design,Small Snowball Design,Small Snowball 1 - Red,,19
Small Snowball Design,Small Snowball Design,Small Snowball 2 - Green,,19
Big Snowball Design,Big Snowball Design,Big Snowball 1,,29
Big Snowball Design,Big Snowball Design,Big Snowball 2,,29
Big Snowball Design,Big Snowball Design,Big Snowball 3,,29
Christmas Mini Figurines Designs,Christmas Mini Figurines Designs,Reindeer,,4.9
Christmas Mini Figurines Designs,Christmas Mini Figurines Designs,Tree,,4.9
Christmas Mini Figurines Designs,Christmas Mini Figurines Designs,Bear,,4.9
Christmas Mini Figurines Designs,Christmas Mini Figurines Designs,Santa,,4.9
Christmas Mini Figurines Designs,Christmas Mini Figurines Designs,Snowman,,4.9
Christmas Mini Socks Design,Christmas Mini Socks Design,Santa,,5.9
Christmas Mini Socks Design,Christmas Mini Socks Design,Snowman,,5.9
Christmas Mini Socks Design,Christmas Mini Socks Design,Bear,,5.9
Musical Crystal Ball,Musical Crystal Ball,Deer - Music: Pachelbel's Canon,,69
Musical Crystal Ball,Musical Crystal Ball,The Little Prince with Rose - Music: Fairytale by Michael Wong,,69
Musical Crystal Ball,Musical Crystal Ball,Four Leaf Clover - Music: Spirited Away Theme,,69
Musical Crystal Ball,Musical Crystal Ball,Ballerina - Music: Pachelbel's Canon,,69
Musical Crystal Ball,Musical Crystal Ball,Carousel - Music: Fairytale by Michael Wong,,69
Musical Crystal Ball,Musical Crystal Ball,Bear with balloons - Music: Fairytale by Michael Wong,,69
Musical Crystal Ball,Musical Crystal Ball,The Little Prince - Music: Castle in the Sky theme,,69
Musical Crystal Ball,Musical Crystal Ball,Unicorn - Music: Pachelbel's Canon,,69
Musical Crystal Ball,Musical Crystal Ball,Birthday Cake - Music: Happy Birthday,,69
Musical Crystal Ball,Musical Crystal Ball,Moon - Music: Castle in the Sky theme,,69
Musical Crystal Ball,Musical Crystal Ball,Milky Way - Music: Castle in the Sky Theme,,69
Musical Crystal Ball,Musical Crystal Ball,Elsa - Music: Frozen Theme,,69
Musical Crystal Ball,Musical Crystal Ball,Rose - Music: Encounter by Stephanie Sun,,69
Glittery Music Box,Glittery Music Box,Ballerina,,49
Glittery Music Box,Glittery Music Box,Cake,,49
Glittery Music Box,Glittery Music Box,Couple,,49
Peranakan Desk Mirror Print,Peranakan Desk Mirror Print,White Blue and Orange,,198
Peranakan Desk Mirror Print,Peranakan Desk Mirror Print,Green and Pink,,198
Peranakan Desk Mirror Print,Peranakan Desk Mirror Print,Grey Marble Wash,,198
Peranakan Desk Mirror Print,Peranakan Desk Mirror Print,Turquoise Blue and Orange,,198
Batik Frame,Batik Frame,415mm(L) x 340mm(W) x 32mm(D),,55
Batik Frame,Batik Frame,460mm(L) x 390mm(W) x 32mm(D) (+S$10.00),,65
Batik Frame,Batik Frame,615mm(L) x 510mm(W) x 32mm(D) (+S$30.00),,85
Apron Colors,Apron Colors,Red,,29
Apron Colors,Apron Colors,Cyan Blue,,29
Apron Colors,Apron Colors,Black,,29
Apron Colors,Apron Colors,Yellow,,29
Apron Colors,Apron Colors,Navy Blue,,29
Apron Colors,Apron Colors,Dark Green,,29
Apron Colors,Apron Colors,White,,29
Batik Prints,Batik Prints,Navy Blue,,9
Batik Prints,Batik Prints,Dark Green,,9
Batik Prints,Batik Prints,Red,,9
Batik Prints,Batik Prints,Yellow,,9
Batik Prints,Batik Prints,Cyan Blue,,9
Batik Prints,Batik Prints,White,,9
Batik Prints,Batik Prints,Purple,,9
Batik Prints,Batik Prints,Black,,9
