Father's Day Frame Size,Father's Day Frame Size,L375 x B300 x 25mm (Big) (+S$20.00),,43
Father's Day Frame Size,Father's Day Frame Size,L205 x B155 x 25mm (Small),,23
Frame Print and Color ,Frame Print and Color ,SIA Navy blue,,
Frame Print and Color ,Frame Print and Color ,SIA Black,,
Frame Print and Color ,Frame Print and Color ,SIA Yellow,,
Frame Print and Color ,Frame Print and Color ,SIA Red,,
Frame Print and Color ,Frame Print and Color ,SIA Green,,
Frame Print and Color ,Frame Print and Color ,SIA White,,
Frame Print and Color ,Frame Print and Color ,SIA Cyan Blue,,
Frame Print and Color ,Frame Print and Color ,Checkered Green,,
Frame Print and Color ,Frame Print and Color ,Checkered Blue,,
Frame Print and Color ,Frame Print and Color ,Checkered Pink,,
Frame Print and Color ,Frame Print and Color ,Checkered Brown,,
Frame Print and Color ,Frame Print and Color ,Checkered Orange,,
Frame Print and Color ,Frame Print and Color ,Camo Dark Green,,
Frame Print and Color ,Frame Print and Color , Camo Greenish Brown,,
Frame Print and Color ,Frame Print and Color ,Camo Khaki Brown,,
Frame Print and Color ,Frame Print and Color ,Camo Navy Blue,,
Frame Print and Color ,Frame Print and Color ,Camo White Pixel,,
Greeting Card,Greeting Card,With Love Marble Card (+S$6.90),,
Greeting Card,Greeting Card,For You Quartz Card (+S$6.90),,
Greeting Card,Greeting Card,Thank You Marble Card (+S$6.90),,
Greeting Card,Greeting Card,Thank you Card Camel (+S$6.90),,
Greeting Card,Greeting Card,None,,
,,,,
XS Frame Colours,XS Frame Colours,Black,,
XS Frame Colours,XS Frame Colours,Cyan,,
XS Frame Colours,XS Frame Colours,Green,,
XS Frame Colours,XS Frame Colours,Navy,,
XS Frame Colours,XS Frame Colours,Purple,,
XS Frame Colours,XS Frame Colours,Red,,
XS Frame Colours,XS Frame Colours,White,,
XS Frame Colours,XS Frame Colours,Yellow,,
XS Frame Postcard,XS Frame Postcard,IC1 (+S$1.60),,
XS Frame Postcard,XS Frame Postcard,IC2 (+S$1.60),,
XS Frame Postcard,XS Frame Postcard,IC3 (+S$1.60),,
XS Frame Postcard,XS Frame Postcard,IC4 (+S$1.60),,
XS Frame Postcard,XS Frame Postcard,IC5 (+S$1.60),,
XS Frame Postcard,XS Frame Postcard,SC1 (+S$1.60),,
XS Frame Postcard,XS Frame Postcard,SC2 (+S$1.60),,
XS Frame Postcard,XS Frame Postcard,SC3 (+S$1.60),,
XS Frame Postcard,XS Frame Postcard,SC4 (+S$1.60),,
XS Frame Postcard,XS Frame Postcard,SC5 (+S$1.60),,
XS Frame Postcard,XS Frame Postcard,None,,
